{"cameraMode":{"drawMode":0,"name":"Shaded","section":"Shading Mode"},"sceneLighting":false,"audioPlay":false,"sceneViewState":{"showFog":true,"showMaterialUpdate":true,"showSkybox":true,"showFlares":true,"showImageEffects":true,"showParticleSystems":true},"in2DMode":false,"pivot":{"x":-448.216552734375,"y":-384.3447570800781,"z":347.745361328125},"rotation":{"x":-0.2640308141708374,"y":0.4226436913013458,"z":-0.13018816709518434,"w":-0.8571529388427734},"size":693.3194580078125,"orthographic":false}